-- MariaDB dump 10.19  Distrib 10.4.32-MariaDB, for Win64 (AMD64)
--
-- Host: localhost    Database: bookify
-- ------------------------------------------------------
-- Server version	10.4.32-MariaDB

/*!40101 SET @OLD_CHARACTER_SET_CLIENT=@@CHARACTER_SET_CLIENT */;
/*!40101 SET @OLD_CHARACTER_SET_RESULTS=@@CHARACTER_SET_RESULTS */;
/*!40101 SET @OLD_COLLATION_CONNECTION=@@COLLATION_CONNECTION */;
/*!40101 SET NAMES utf8mb4 */;
/*!40103 SET @OLD_TIME_ZONE=@@TIME_ZONE */;
/*!40103 SET TIME_ZONE='+00:00' */;
/*!40014 SET @OLD_UNIQUE_CHECKS=@@UNIQUE_CHECKS, UNIQUE_CHECKS=0 */;
/*!40014 SET @OLD_FOREIGN_KEY_CHECKS=@@FOREIGN_KEY_CHECKS, FOREIGN_KEY_CHECKS=0 */;
/*!40101 SET @OLD_SQL_MODE=@@SQL_MODE, SQL_MODE='NO_AUTO_VALUE_ON_ZERO' */;
/*!40111 SET @OLD_SQL_NOTES=@@SQL_NOTES, SQL_NOTES=0 */;

--
-- Table structure for table `anggota`
--

DROP TABLE IF EXISTS `anggota`;
/*!40101 SET @saved_cs_client     = @@character_set_client */;
/*!40101 SET character_set_client = utf8 */;
CREATE TABLE `anggota` (
  `id_anggota` int(11) NOT NULL AUTO_INCREMENT,
  `user_id` int(11) DEFAULT NULL,
  `nis` varchar(20) DEFAULT NULL,
  `alamat` text DEFAULT NULL,
  `no_hp` varchar(15) DEFAULT NULL,
  `tanggal_daftar` date DEFAULT NULL,
  PRIMARY KEY (`id_anggota`),
  KEY `user_id` (`user_id`),
  CONSTRAINT `anggota_ibfk_1` FOREIGN KEY (`user_id`) REFERENCES `users` (`id`) ON DELETE CASCADE
) ENGINE=InnoDB AUTO_INCREMENT=7 DEFAULT CHARSET=utf8mb4 COLLATE=utf8mb4_general_ci;
/*!40101 SET character_set_client = @saved_cs_client */;

--
-- Dumping data for table `anggota`
--

LOCK TABLES `anggota` WRITE;
/*!40000 ALTER TABLE `anggota` DISABLE KEYS */;
INSERT INTO `anggota` VALUES (2,4,'908765444','sembir','098675555',NULL),(3,3,'3070336119','tanjungsari','081221069050','2026-04-19'),(4,3,'3070336119','tanjungsari','081221069050','2026-04-19'),(5,5,'908765444','rancaekek','02145896554',NULL);
/*!40000 ALTER TABLE `anggota` ENABLE KEYS */;
UNLOCK TABLES;

--
-- Table structure for table `buku`
--

DROP TABLE IF EXISTS `buku`;
/*!40101 SET @saved_cs_client     = @@character_set_client */;
/*!40101 SET character_set_client = utf8 */;
CREATE TABLE `buku` (
  `id_buku` int(11) NOT NULL AUTO_INCREMENT,
  `isbn` varchar(50) DEFAULT NULL,
  `judul` varchar(255) DEFAULT NULL,
  `id_kategori` int(11) DEFAULT NULL,
  `id_penulis` int(11) DEFAULT NULL,
  `id_penerbit` int(11) DEFAULT NULL,
  `tahun_terbit` year(4) DEFAULT NULL,
  `jumlah` int(11) DEFAULT 0,
  `tersedia` int(11) DEFAULT 0,
  `deskripsi` text DEFAULT NULL,
  `cover` varchar(255) DEFAULT NULL,
  PRIMARY KEY (`id_buku`),
  KEY `id_kategori` (`id_kategori`),
  KEY `id_penulis` (`id_penulis`),
  KEY `id_penerbit` (`id_penerbit`),
  CONSTRAINT `buku_ibfk_1` FOREIGN KEY (`id_kategori`) REFERENCES `kategori` (`id_kategori`),
  CONSTRAINT `buku_ibfk_2` FOREIGN KEY (`id_penulis`) REFERENCES `penulis` (`id_penulis`),
  CONSTRAINT `buku_ibfk_3` FOREIGN KEY (`id_penerbit`) REFERENCES `penerbit` (`id_penerbit`)
) ENGINE=InnoDB AUTO_INCREMENT=20 DEFAULT CHARSET=utf8mb4 COLLATE=utf8mb4_general_ci;
/*!40101 SET character_set_client = @saved_cs_client */;

--
-- Dumping data for table `buku`
--

LOCK TABLES `buku` WRITE;
/*!40000 ALTER TABLE `buku` DISABLE KEYS */;
INSERT INTO `buku` VALUES (14,'9786233911344','Malioboro at Midnight ',1,2,1,2012,4,5,'2222','1776916879_af3f578bc4305e0f3c4f.jpg'),(15,'9781234567890','Bumi',1,1,1,2017,4,4,'\"Bumi\" adalah novel fantasi karya Tere Liye (2014) yang mengisahkan petualangan tiga remaja 15 tahun—Raib (bisa menghilang), Seli (mengeluarkan petir), dan Ali (jenius)—yang menjelajahi dunia paralel. Buku pertama dari seri Dunia Paralel ini berfokus pada persahabatan dan pelarian dari Klan Bulan. ','1776916994_08c8583bbe4f14b3d5b9.jpg'),(17,'9781234567890','Bandung After Rain',1,2,1,2017,4,3,'4ffvgfgv','1776917032_f16110cec1478df07e6c.avif');
/*!40000 ALTER TABLE `buku` ENABLE KEYS */;
UNLOCK TABLES;

--
-- Table structure for table `buku_rak`
--

DROP TABLE IF EXISTS `buku_rak`;
/*!40101 SET @saved_cs_client     = @@character_set_client */;
/*!40101 SET character_set_client = utf8 */;
CREATE TABLE `buku_rak` (
  `id` int(11) NOT NULL AUTO_INCREMENT,
  `id_buku` int(11) DEFAULT NULL,
  `id_rak` int(11) DEFAULT NULL,
  PRIMARY KEY (`id`),
  KEY `id_buku` (`id_buku`),
  KEY `id_rak` (`id_rak`),
  CONSTRAINT `buku_rak_ibfk_1` FOREIGN KEY (`id_buku`) REFERENCES `buku` (`id_buku`) ON DELETE CASCADE,
  CONSTRAINT `buku_rak_ibfk_2` FOREIGN KEY (`id_rak`) REFERENCES `rak` (`id_rak`) ON DELETE CASCADE
) ENGINE=InnoDB AUTO_INCREMENT=11 DEFAULT CHARSET=utf8mb4 COLLATE=utf8mb4_general_ci;
/*!40101 SET character_set_client = @saved_cs_client */;

--
-- Dumping data for table `buku_rak`
--

LOCK TABLES `buku_rak` WRITE;
/*!40000 ALTER TABLE `buku_rak` DISABLE KEYS */;
INSERT INTO `buku_rak` VALUES (8,14,1),(9,15,1),(10,17,1);
/*!40000 ALTER TABLE `buku_rak` ENABLE KEYS */;
UNLOCK TABLES;

--
-- Table structure for table `denda`
--

DROP TABLE IF EXISTS `denda`;
/*!40101 SET @saved_cs_client     = @@character_set_client */;
/*!40101 SET character_set_client = utf8 */;
CREATE TABLE `denda` (
  `id_denda` int(11) NOT NULL AUTO_INCREMENT,
  `id_pengembalian` int(11) DEFAULT NULL,
  `jumlah_denda` decimal(10,2) DEFAULT NULL,
  `status` enum('belum_bayar','sudah_bayar') DEFAULT 'belum_bayar',
  PRIMARY KEY (`id_denda`),
  KEY `id_pengembalian` (`id_pengembalian`),
  CONSTRAINT `denda_ibfk_1` FOREIGN KEY (`id_pengembalian`) REFERENCES `pengembalian` (`id_pengembalian`)
) ENGINE=InnoDB AUTO_INCREMENT=2 DEFAULT CHARSET=utf8mb4 COLLATE=utf8mb4_general_ci;
/*!40101 SET character_set_client = @saved_cs_client */;

--
-- Dumping data for table `denda`
--

LOCK TABLES `denda` WRITE;
/*!40000 ALTER TABLE `denda` DISABLE KEYS */;
INSERT INTO `denda` VALUES (1,15,2000.00,'belum_bayar');
/*!40000 ALTER TABLE `denda` ENABLE KEYS */;
UNLOCK TABLES;

--
-- Table structure for table `detail_peminjaman`
--

DROP TABLE IF EXISTS `detail_peminjaman`;
/*!40101 SET @saved_cs_client     = @@character_set_client */;
/*!40101 SET character_set_client = utf8 */;
CREATE TABLE `detail_peminjaman` (
  `id_detail` int(11) NOT NULL AUTO_INCREMENT,
  `id_peminjaman` int(11) DEFAULT NULL,
  `id_buku` int(11) DEFAULT NULL,
  `jumlah` int(11) DEFAULT NULL,
  PRIMARY KEY (`id_detail`),
  KEY `id_peminjaman` (`id_peminjaman`),
  KEY `id_buku` (`id_buku`),
  CONSTRAINT `detail_peminjaman_ibfk_1` FOREIGN KEY (`id_peminjaman`) REFERENCES `peminjaman` (`id_peminjaman`) ON DELETE CASCADE,
  CONSTRAINT `detail_peminjaman_ibfk_2` FOREIGN KEY (`id_buku`) REFERENCES `buku` (`id_buku`)
) ENGINE=InnoDB AUTO_INCREMENT=93 DEFAULT CHARSET=utf8mb4 COLLATE=utf8mb4_general_ci;
/*!40101 SET character_set_client = @saved_cs_client */;

--
-- Dumping data for table `detail_peminjaman`
--

LOCK TABLES `detail_peminjaman` WRITE;
/*!40000 ALTER TABLE `detail_peminjaman` DISABLE KEYS */;
INSERT INTO `detail_peminjaman` VALUES (44,50,14,1),(61,76,17,1),(62,76,14,4),(87,109,14,1),(88,110,14,1),(91,112,14,1),(92,112,15,1);
/*!40000 ALTER TABLE `detail_peminjaman` ENABLE KEYS */;
UNLOCK TABLES;

--
-- Table structure for table `kategori`
--

DROP TABLE IF EXISTS `kategori`;
/*!40101 SET @saved_cs_client     = @@character_set_client */;
/*!40101 SET character_set_client = utf8 */;
CREATE TABLE `kategori` (
  `id_kategori` int(11) NOT NULL AUTO_INCREMENT,
  `nama_kategori` varchar(100) DEFAULT NULL,
  PRIMARY KEY (`id_kategori`)
) ENGINE=InnoDB AUTO_INCREMENT=2 DEFAULT CHARSET=utf8mb4 COLLATE=utf8mb4_general_ci;
/*!40101 SET character_set_client = @saved_cs_client */;

--
-- Dumping data for table `kategori`
--

LOCK TABLES `kategori` WRITE;
/*!40000 ALTER TABLE `kategori` DISABLE KEYS */;
INSERT INTO `kategori` VALUES (1,'Novel');
/*!40000 ALTER TABLE `kategori` ENABLE KEYS */;
UNLOCK TABLES;

--
-- Table structure for table `log_aktivitas`
--

DROP TABLE IF EXISTS `log_aktivitas`;
/*!40101 SET @saved_cs_client     = @@character_set_client */;
/*!40101 SET character_set_client = utf8 */;
CREATE TABLE `log_aktivitas` (
  `id_log` int(11) NOT NULL AUTO_INCREMENT,
  `user_id` int(11) DEFAULT NULL,
  `aktivitas` text DEFAULT NULL,
  `waktu` timestamp NOT NULL DEFAULT current_timestamp(),
  PRIMARY KEY (`id_log`),
  KEY `user_id` (`user_id`),
  CONSTRAINT `log_aktivitas_ibfk_1` FOREIGN KEY (`user_id`) REFERENCES `users` (`id`)
) ENGINE=InnoDB DEFAULT CHARSET=utf8mb4 COLLATE=utf8mb4_general_ci;
/*!40101 SET character_set_client = @saved_cs_client */;

--
-- Dumping data for table `log_aktivitas`
--

LOCK TABLES `log_aktivitas` WRITE;
/*!40000 ALTER TABLE `log_aktivitas` DISABLE KEYS */;
/*!40000 ALTER TABLE `log_aktivitas` ENABLE KEYS */;
UNLOCK TABLES;

--
-- Table structure for table `peminjaman`
--

DROP TABLE IF EXISTS `peminjaman`;
/*!40101 SET @saved_cs_client     = @@character_set_client */;
/*!40101 SET character_set_client = utf8 */;
CREATE TABLE `peminjaman` (
  `id_peminjaman` int(11) NOT NULL AUTO_INCREMENT,
  `id_anggota` int(11) DEFAULT NULL,
  `id_petugas` int(11) DEFAULT NULL,
  `tanggal_pinjam` date DEFAULT NULL,
  `tanggal_kembali` date DEFAULT NULL,
  `status` enum('diproses','selesai','dipinjam','kembali','terlambat') DEFAULT 'diproses',
  `metode_pengantaran` enum('ambil','diantar') DEFAULT 'ambil',
  `status_pengiriman` enum('dipinjam','menunggu_konfirmasi','menunggu_pembayaran','diproses','diantar','selesai') DEFAULT 'dipinjam',
  `lama_perpanjangan` int(11) DEFAULT NULL,
  PRIMARY KEY (`id_peminjaman`),
  KEY `id_anggota` (`id_anggota`),
  KEY `id_petugas` (`id_petugas`),
  CONSTRAINT `peminjaman_ibfk_1` FOREIGN KEY (`id_anggota`) REFERENCES `anggota` (`id_anggota`),
  CONSTRAINT `peminjaman_ibfk_2` FOREIGN KEY (`id_petugas`) REFERENCES `petugas` (`id_petugas`)
) ENGINE=InnoDB AUTO_INCREMENT=113 DEFAULT CHARSET=utf8mb4 COLLATE=utf8mb4_general_ci;
/*!40101 SET character_set_client = @saved_cs_client */;

--
-- Dumping data for table `peminjaman`
--

LOCK TABLES `peminjaman` WRITE;
/*!40000 ALTER TABLE `peminjaman` DISABLE KEYS */;
INSERT INTO `peminjaman` VALUES (50,3,NULL,'2026-04-21','2026-06-30','kembali','ambil','selesai',NULL),(73,NULL,NULL,'2026-04-21','2026-04-21','','ambil','dipinjam',NULL),(76,NULL,NULL,'0000-00-00','0000-00-00','','ambil','dipinjam',NULL),(109,3,NULL,'2026-04-23','2026-04-30','kembali','ambil',NULL,NULL),(110,3,NULL,'2026-04-23','2026-04-30','selesai','','selesai',NULL),(112,3,NULL,'2026-04-23','2026-04-30','kembali','ambil',NULL,NULL);
/*!40000 ALTER TABLE `peminjaman` ENABLE KEYS */;
UNLOCK TABLES;

--
-- Table structure for table `penerbit`
--

DROP TABLE IF EXISTS `penerbit`;
/*!40101 SET @saved_cs_client     = @@character_set_client */;
/*!40101 SET character_set_client = utf8 */;
CREATE TABLE `penerbit` (
  `id_penerbit` int(11) NOT NULL AUTO_INCREMENT,
  `nama_penerbit` varchar(100) DEFAULT NULL,
  `alamat` text DEFAULT NULL,
  PRIMARY KEY (`id_penerbit`)
) ENGINE=InnoDB AUTO_INCREMENT=3 DEFAULT CHARSET=utf8mb4 COLLATE=utf8mb4_general_ci;
/*!40101 SET character_set_client = @saved_cs_client */;

--
-- Dumping data for table `penerbit`
--

LOCK TABLES `penerbit` WRITE;
/*!40000 ALTER TABLE `penerbit` DISABLE KEYS */;
INSERT INTO `penerbit` VALUES (1,'Gramedia','jakarta'),(2,'Kawah Media','jogjakarta');
/*!40000 ALTER TABLE `penerbit` ENABLE KEYS */;
UNLOCK TABLES;

--
-- Table structure for table `pengembalian`
--

DROP TABLE IF EXISTS `pengembalian`;
/*!40101 SET @saved_cs_client     = @@character_set_client */;
/*!40101 SET character_set_client = utf8 */;
CREATE TABLE `pengembalian` (
  `id_pengembalian` int(11) NOT NULL AUTO_INCREMENT,
  `id_peminjaman` int(11) DEFAULT NULL,
  `tanggal_dikembalikan` date DEFAULT NULL,
  `denda` decimal(10,2) DEFAULT 0.00,
  PRIMARY KEY (`id_pengembalian`),
  KEY `id_peminjaman` (`id_peminjaman`),
  CONSTRAINT `pengembalian_ibfk_1` FOREIGN KEY (`id_peminjaman`) REFERENCES `peminjaman` (`id_peminjaman`)
) ENGINE=InnoDB AUTO_INCREMENT=30 DEFAULT CHARSET=utf8mb4 COLLATE=utf8mb4_general_ci;
/*!40101 SET character_set_client = @saved_cs_client */;

--
-- Dumping data for table `pengembalian`
--

LOCK TABLES `pengembalian` WRITE;
/*!40000 ALTER TABLE `pengembalian` DISABLE KEYS */;
INSERT INTO `pengembalian` VALUES (15,50,'2026-04-21',0.00),(28,109,NULL,0.00),(29,112,NULL,0.00);
/*!40000 ALTER TABLE `pengembalian` ENABLE KEYS */;
UNLOCK TABLES;

--
-- Table structure for table `penulis`
--

DROP TABLE IF EXISTS `penulis`;
/*!40101 SET @saved_cs_client     = @@character_set_client */;
/*!40101 SET character_set_client = utf8 */;
CREATE TABLE `penulis` (
  `id_penulis` int(11) NOT NULL AUTO_INCREMENT,
  `nama_penulis` varchar(100) DEFAULT NULL,
  PRIMARY KEY (`id_penulis`)
) ENGINE=InnoDB AUTO_INCREMENT=3 DEFAULT CHARSET=utf8mb4 COLLATE=utf8mb4_general_ci;
/*!40101 SET character_set_client = @saved_cs_client */;

--
-- Dumping data for table `penulis`
--

LOCK TABLES `penulis` WRITE;
/*!40000 ALTER TABLE `penulis` DISABLE KEYS */;
INSERT INTO `penulis` VALUES (1,'Tereliye'),(2,'Skysphire');
/*!40000 ALTER TABLE `penulis` ENABLE KEYS */;
UNLOCK TABLES;

--
-- Table structure for table `petugas`
--

DROP TABLE IF EXISTS `petugas`;
/*!40101 SET @saved_cs_client     = @@character_set_client */;
/*!40101 SET character_set_client = utf8 */;
CREATE TABLE `petugas` (
  `id_petugas` int(11) NOT NULL AUTO_INCREMENT,
  `user_id` int(11) DEFAULT NULL,
  `jabatan` varchar(50) DEFAULT NULL,
  PRIMARY KEY (`id_petugas`),
  KEY `user_id` (`user_id`),
  CONSTRAINT `petugas_ibfk_1` FOREIGN KEY (`user_id`) REFERENCES `users` (`id`) ON DELETE CASCADE
) ENGINE=InnoDB AUTO_INCREMENT=3 DEFAULT CHARSET=utf8mb4 COLLATE=utf8mb4_general_ci;
/*!40101 SET character_set_client = @saved_cs_client */;

--
-- Dumping data for table `petugas`
--

LOCK TABLES `petugas` WRITE;
/*!40000 ALTER TABLE `petugas` DISABLE KEYS */;
INSERT INTO `petugas` VALUES (1,2,'staf sirkulasi '),(2,2,'keanggotaan');
/*!40000 ALTER TABLE `petugas` ENABLE KEYS */;
UNLOCK TABLES;

--
-- Table structure for table `rak`
--

DROP TABLE IF EXISTS `rak`;
/*!40101 SET @saved_cs_client     = @@character_set_client */;
/*!40101 SET character_set_client = utf8 */;
CREATE TABLE `rak` (
  `id_rak` int(11) NOT NULL AUTO_INCREMENT,
  `nama_rak` varchar(50) DEFAULT NULL,
  `lokasi` varchar(100) DEFAULT NULL,
  PRIMARY KEY (`id_rak`)
) ENGINE=InnoDB AUTO_INCREMENT=3 DEFAULT CHARSET=utf8mb4 COLLATE=utf8mb4_general_ci;
/*!40101 SET character_set_client = @saved_cs_client */;

--
-- Dumping data for table `rak`
--

LOCK TABLES `rak` WRITE;
/*!40000 ALTER TABLE `rak` DISABLE KEYS */;
INSERT INTO `rak` VALUES (1,'000-100','Lantai bawah'),(2,'100-200 ','lantai bawah ');
/*!40000 ALTER TABLE `rak` ENABLE KEYS */;
UNLOCK TABLES;

--
-- Table structure for table `reservasi`
--

DROP TABLE IF EXISTS `reservasi`;
/*!40101 SET @saved_cs_client     = @@character_set_client */;
/*!40101 SET character_set_client = utf8 */;
CREATE TABLE `reservasi` (
  `id_reservasi` int(11) NOT NULL AUTO_INCREMENT,
  `id_anggota` int(11) DEFAULT NULL,
  `id_buku` int(11) DEFAULT NULL,
  `tanggal_reservasi` date DEFAULT NULL,
  `status` enum('menunggu','disetujui','dibatalkan') DEFAULT 'menunggu',
  PRIMARY KEY (`id_reservasi`),
  KEY `id_anggota` (`id_anggota`),
  KEY `id_buku` (`id_buku`),
  CONSTRAINT `reservasi_ibfk_1` FOREIGN KEY (`id_anggota`) REFERENCES `anggota` (`id_anggota`),
  CONSTRAINT `reservasi_ibfk_2` FOREIGN KEY (`id_buku`) REFERENCES `buku` (`id_buku`)
) ENGINE=InnoDB DEFAULT CHARSET=utf8mb4 COLLATE=utf8mb4_general_ci;
/*!40101 SET character_set_client = @saved_cs_client */;

--
-- Dumping data for table `reservasi`
--

LOCK TABLES `reservasi` WRITE;
/*!40000 ALTER TABLE `reservasi` DISABLE KEYS */;
/*!40000 ALTER TABLE `reservasi` ENABLE KEYS */;
UNLOCK TABLES;

--
-- Table structure for table `transaksi`
--

DROP TABLE IF EXISTS `transaksi`;
/*!40101 SET @saved_cs_client     = @@character_set_client */;
/*!40101 SET character_set_client = utf8 */;
CREATE TABLE `transaksi` (
  `id_transaksi` int(11) NOT NULL AUTO_INCREMENT,
  `id_peminjaman` int(11) DEFAULT NULL,
  `jenis` enum('denda','pengiriman','penarikan') DEFAULT NULL,
  `jumlah` decimal(10,2) DEFAULT NULL,
  `status` enum('belum_bayar','lunas') DEFAULT 'belum_bayar',
  `tanggal` timestamp NOT NULL DEFAULT current_timestamp(),
  PRIMARY KEY (`id_transaksi`),
  KEY `id_peminjaman` (`id_peminjaman`),
  CONSTRAINT `transaksi_ibfk_1` FOREIGN KEY (`id_peminjaman`) REFERENCES `peminjaman` (`id_peminjaman`) ON DELETE CASCADE
) ENGINE=InnoDB DEFAULT CHARSET=utf8mb4 COLLATE=utf8mb4_general_ci;
/*!40101 SET character_set_client = @saved_cs_client */;

--
-- Dumping data for table `transaksi`
--

LOCK TABLES `transaksi` WRITE;
/*!40000 ALTER TABLE `transaksi` DISABLE KEYS */;
/*!40000 ALTER TABLE `transaksi` ENABLE KEYS */;
UNLOCK TABLES;

--
-- Table structure for table `ulasan`
--

DROP TABLE IF EXISTS `ulasan`;
/*!40101 SET @saved_cs_client     = @@character_set_client */;
/*!40101 SET character_set_client = utf8 */;
CREATE TABLE `ulasan` (
  `id_ulasan` int(11) NOT NULL AUTO_INCREMENT,
  `id_buku` int(11) DEFAULT NULL,
  `id_anggota` int(11) DEFAULT NULL,
  `rating` int(11) DEFAULT NULL,
  `komentar` text DEFAULT NULL,
  `tanggal` timestamp NOT NULL DEFAULT current_timestamp(),
  PRIMARY KEY (`id_ulasan`),
  KEY `id_buku` (`id_buku`),
  KEY `id_anggota` (`id_anggota`),
  CONSTRAINT `ulasan_ibfk_1` FOREIGN KEY (`id_buku`) REFERENCES `buku` (`id_buku`),
  CONSTRAINT `ulasan_ibfk_2` FOREIGN KEY (`id_anggota`) REFERENCES `anggota` (`id_anggota`)
) ENGINE=InnoDB DEFAULT CHARSET=utf8mb4 COLLATE=utf8mb4_general_ci;
/*!40101 SET character_set_client = @saved_cs_client */;

--
-- Dumping data for table `ulasan`
--

LOCK TABLES `ulasan` WRITE;
/*!40000 ALTER TABLE `ulasan` DISABLE KEYS */;
/*!40000 ALTER TABLE `ulasan` ENABLE KEYS */;
UNLOCK TABLES;

--
-- Table structure for table `users`
--

DROP TABLE IF EXISTS `users`;
/*!40101 SET @saved_cs_client     = @@character_set_client */;
/*!40101 SET character_set_client = utf8 */;
CREATE TABLE `users` (
  `id` int(11) NOT NULL AUTO_INCREMENT,
  `nama` varchar(100) DEFAULT NULL,
  `email` varchar(100) DEFAULT NULL,
  `username` varchar(50) DEFAULT NULL,
  `password` varchar(255) DEFAULT NULL,
  `role` enum('admin','petugas','anggota') DEFAULT 'anggota',
  `foto` varchar(255) DEFAULT NULL,
  `status` enum('aktif','nonaktif') DEFAULT 'aktif',
  `created_at` timestamp NOT NULL DEFAULT current_timestamp(),
  PRIMARY KEY (`id`)
) ENGINE=InnoDB AUTO_INCREMENT=11 DEFAULT CHARSET=utf8mb4 COLLATE=utf8mb4_general_ci;
/*!40101 SET character_set_client = @saved_cs_client */;

--
-- Dumping data for table `users`
--

LOCK TABLES `users` WRITE;
/*!40000 ALTER TABLE `users` DISABLE KEYS */;
INSERT INTO `users` VALUES (1,'insaniar nurani ','insaniar.nurani12@smk.belajar.id','niar','$2y$10$FMQRdH0ecCbZZVWtN2n7/u1YZN/gr7X98Er4NG4sqDAWCXlZwmB6S','admin','1776585721_31e44d3b15db3292e9ca.jpg','aktif','2026-04-19 07:25:19'),(2,'neneng niar','nenengniar29@gmail.com','neneng','$2y$10$FMQRdH0ecCbZZVWtN2n7/u1YZN/gr7X98Er4NG4sqDAWCXlZwmB6S','petugas','1776585745_6a3489842934197e42e3.png','aktif','2026-04-19 07:25:19'),(3,'nuranisaniar','nuranisaniar@gmail.com','nurani','$2y$10$FMQRdH0ecCbZZVWtN2n7/u1YZN/gr7X98Er4NG4sqDAWCXlZwmB6S','anggota','1776584751_ae5e1eef53c019058527.png','aktif','2026-04-19 07:26:03'),(4,'imey siti maesaroh','imeysiti07@smk.belajar.id','mey','$2y$10$VtywvB4qcTcbgnm0dVGIjOtBXq2g5HEKBxA6qM4CWLGTmXEUXB0oS','anggota','1776585630_d91dd1619f6eddf2b334.jpg','aktif','2026-04-19 08:00:30'),(5,'siti kartika','sitikartika12@gmail.com','itik','$2y$10$6BdtBeDmEelVExDk3HL1a.f8X.t.uCnI/GZAQ1F2Ilx9WrvQ05Pbu','anggota','1776745247_e555bb296eb0dcbd945e.webp','aktif','2026-04-21 04:20:47'),(6,'iis sadiyah','iis.sadiyah7@smk.belajr.id','isdyah','$2y$10$ek45pn5JRTKBV0t4dxxR0uDdy61HfsoYookVn0diWBrr2c3U04RN6','anggota','1776924605_85d90bc079021cfe83f8.jpg','aktif','2026-04-23 06:10:05');
/*!40000 ALTER TABLE `users` ENABLE KEYS */;
UNLOCK TABLES;
/*!40103 SET TIME_ZONE=@OLD_TIME_ZONE */;

/*!40101 SET SQL_MODE=@OLD_SQL_MODE */;
/*!40014 SET FOREIGN_KEY_CHECKS=@OLD_FOREIGN_KEY_CHECKS */;
/*!40014 SET UNIQUE_CHECKS=@OLD_UNIQUE_CHECKS */;
/*!40101 SET CHARACTER_SET_CLIENT=@OLD_CHARACTER_SET_CLIENT */;
/*!40101 SET CHARACTER_SET_RESULTS=@OLD_CHARACTER_SET_RESULTS */;
/*!40101 SET COLLATION_CONNECTION=@OLD_COLLATION_CONNECTION */;
/*!40111 SET SQL_NOTES=@OLD_SQL_NOTES */;

-- Dump completed on 2026-04-23 22:07:32
